"nation","Index name","Exponential encoding","date"
"Afghanistan","Exports to China","120055809","2005-12-31","151"
"Afghanistan","Exports to China","120055809","2006-12-31","18.5744"
"Afghanistan","Exports to China","120055809","2007-12-31","237.6291"
"Afghanistan","Exports to China","120055809","2008-12-31","269.3017"
"Afghanistan","Exports to China","120055809","2009-12-31","137.5868"
"Afghanistan","Exports to China","120055809","2010-12-31","368"
"Afghanistan","Exports to China","120055809","2011-12-31","440.3087"
"Afghanistan","Exports to China","120055809","2012-12-31","518.7"
"Afghanistan","Exports to China","120055809","2013-12-31","959.5"
"Afghanistan","Exports to China","120055809","2014-12-31","1737.1806"
"Afghanistan","Exports to China","120055809","2015-12-31","1177.1"
"Afghanistan","Exports to China","120055809","2016-12-31","453.4"
"Afghanistan","Exports to China","120055809","2017-12-31","342.8"
"Afghanistan","Exports to China","120055809","2018-12-31","2407.9"
"Afghanistan","Exports to China","120055809","2019-12-31","2927.9265"
"Afghanistan","Exports to China","120055809","2020-12-31","5451.23"
"Afghanistan","Exports to China","120055809","2021-12-31","4953"
"Afghanistan","Exports to China","120055809","2022-12-31","4202"
"Afghanistan","Exports to China","120055809","2023-12-31","6396.1259"
"United Arab Emirates","Exports to China","120055772","2005-12-31","204560"
"United Arab Emirates","Exports to China","120055772","2006-12-31","279674.5203"
"United Arab Emirates","Exports to China","120055772","2007-12-31","301202.6771"
"United Arab Emirates","Exports to China","120055772","2008-12-31","461325.0116"
"United Arab Emirates","Exports to China","120055772","2009-12-31","259508.4735"
"United Arab Emirates","Exports to China","120055772","2010-12-31","445154.9"
"United Arab Emirates","Exports to China","120055772","2011-12-31","830637.4606"
"United Arab Emirates","Exports to China","120055772","2012-12-31","1085196.9"
"United Arab Emirates","Exports to China","120055772","2013-12-31","1282352.6"
"United Arab Emirates","Exports to China","120055772","2014-12-31","1576335.6629"
"United Arab Emirates","Exports to China","120055772","2015-12-31","1151403.2"
"United Arab Emirates","Exports to China","120055772","2016-12-31","999436.3"
"United Arab Emirates","Exports to China","120055772","2017-12-31","1231115.8"
"United Arab Emirates","Exports to China","120055772","2018-12-31","1623776.7"
"United Arab Emirates","Exports to China","120055772","2019-12-31","1533673.8558"
"United Arab Emirates","Exports to China","120055772","2020-12-31","1705481.9809"
"United Arab Emirates","Exports to China","120055772","2021-12-31","2857327"
"United Arab Emirates","Exports to China","120055772","2022-12-31","4541667"
"United Arab Emirates","Exports to China","120055772","2023-12-31","3929112.3569"
"Oman","Exports to China","120055784","2005-12-31","413891"
"Oman","Exports to China","120055784","2006-12-31","612947.424"
"Oman","Exports to China","120055784","2007-12-31","672273.0685"
"Oman","Exports to China","120055784","2008-12-31","1162684.7464"
"Oman","Exports to China","120055784","2009-12-31","541123.0438"
"Oman","Exports to China","120055784","2010-12-31","977922.6"
"Oman","Exports to China","120055784","2011-12-31","1487648.7883"
"Oman","Exports to China","120055784","2012-12-31","1697544.1"
"Oman","Exports to China","120055784","2013-12-31","2104061.3"
"Oman","Exports to China","120055784","2014-12-31","2379585.5636"
"Oman","Exports to China","120055784","2015-12-31","1504742"
"Oman","Exports to China","120055784","2016-12-31","1204102.4"
"Oman","Exports to China","120055784","2017-12-31","1338327.8"
"Oman","Exports to China","120055784","2018-12-31","1889851.1"
"Oman","Exports to China","120055784","2019-12-31","1965015.5145"
"Oman","Exports to China","120055784","2020-12-31","1565946.4292"
"Oman","Exports to China","120055784","2021-12-31","2859170"
"Oman","Exports to China","120055784","2022-12-31","3624179"
"Oman","Exports to China","120055784","2023-12-31","3127698.4428"
"Azerbaijan","Exports to China","120055687","2005-12-31","2440"
"Azerbaijan","Exports to China","120055687","2006-12-31","2201.8798"
"Azerbaijan","Exports to China","120055687","2007-12-31","144.2213"
"Azerbaijan","Exports to China","120055687","2008-12-31","11486.3737"
"Azerbaijan","Exports to China","120055687","2009-12-31","12831.6641"
"Azerbaijan","Exports to China","120055687","2010-12-31","8654.7"
"Azerbaijan","Exports to China","120055687","2011-12-31","19372.0359"
"Azerbaijan","Exports to China","120055687","2012-12-31","21389.7"
"Azerbaijan","Exports to China","120055687","2013-12-31","23358.3"
"Azerbaijan","Exports to China","120055687","2014-12-31","29706.2697"
"Azerbaijan","Exports to China","120055687","2015-12-31","22290.4"
"Azerbaijan","Exports to China","120055687","2016-12-31","41208.2"
"Azerbaijan","Exports to China","120055687","2017-12-31","57745.4"
"Azerbaijan","Exports to China","120055687","2018-12-31","38201.8"
"Azerbaijan","Exports to China","120055687","2019-12-31","86923.2294"
"Azerbaijan","Exports to China","120055687","2020-12-31","69877.9881"
"Azerbaijan","Exports to China","120055687","2021-12-31","20503"
"Azerbaijan","Exports to China","120055687","2022-12-31","24587"
"Azerbaijan","Exports to China","120055687","2023-12-31","17107.3332"
"Pakistan","Exports to China","120055783","2005-12-31","83317"
"Pakistan","Exports to China","120055783","2006-12-31","100721.3772"
"Pakistan","Exports to China","120055783","2007-12-31","110421.6499"
"Pakistan","Exports to China","120055783","2008-12-31","100679.9565"
"Pakistan","Exports to China","120055783","2009-12-31","126000.6898"
"Pakistan","Exports to China","120055783","2010-12-31","173102.3"
"Pakistan","Exports to China","120055783","2011-12-31","211862.0157"
"Pakistan","Exports to China","120055783","2012-12-31","313825.4"
"Pakistan","Exports to China","120055783","2013-12-31","319684"
"Pakistan","Exports to China","120055783","2014-12-31","275386.9881"
"Pakistan","Exports to China","120055783","2015-12-31","247476.4"
"Pakistan","Exports to China","120055783","2016-12-31","191259.3"
"Pakistan","Exports to China","120055783","2017-12-31","183321.9"
"Pakistan","Exports to China","120055783","2018-12-31","217208.6"
"Pakistan","Exports to China","120055783","2019-12-31","180612.5989"
"Pakistan","Exports to China","120055783","2020-12-31","212487.3682"
"Pakistan","Exports to China","120055783","2021-12-31","358448"
"Pakistan","Exports to China","120055783","2022-12-31","341602"
"Pakistan","Exports to China","120055783","2023-12-31","345992.4333"
"Palestine","Exports to China","120055782","2005-12-31","23"
"Palestine","Exports to China","120055782","2006-12-31","20.8406"
"Palestine","Exports to China","120055782","2007-12-31","15.2455"
"Palestine","Exports to China","120055782","2008-12-31","24.9488"
"Palestine","Exports to China","120055782","2009-12-31","74.6903"
"Palestine","Exports to China","120055782","2010-12-31","36.3"
"Palestine","Exports to China","120055782","2011-12-31","104.0844"
"Palestine","Exports to China","120055782","2012-12-31","33.8"
"Palestine","Exports to China","120055782","2013-12-31","18.6"
"Palestine","Exports to China","120055782","2014-12-31","8.6494"
"Palestine","Exports to China","120055782","2015-12-31","44.3"
"Palestine","Exports to China","120055782","2016-12-31","30.9"
"Palestine","Exports to China","120055782","2017-12-31","11.8"
"Palestine","Exports to China","120055782","2018-12-31","44.4"
"Palestine","Exports to China","120055782","2019-12-31","13.9926"
"Palestine","Exports to China","120055782","2020-12-31","0.8637"
"Palestine","Exports to China","120055782","2021-12-31","34"
"Palestine","Exports to China","120055782","2022-12-31","2"
"Palestine","Exports to China","120055782","2023-12-31","5.0903"
"Bahrain","Exports to China","120055808","2005-12-31","6894"
"Bahrain","Exports to China","120055808","2006-12-31","6481.5227"
"Bahrain","Exports to China","120055808","2007-12-31","10244.6323"
"Bahrain","Exports to China","120055808","2008-12-31","13131.6949"
"Bahrain","Exports to China","120055808","2009-12-31","21123.3159"
"Bahrain","Exports to China","120055808","2010-12-31","25191.2"
"Bahrain","Exports to China","120055808","2011-12-31","32583.6051"
"Bahrain","Exports to China","120055808","2012-12-31","34802.6"
"Bahrain","Exports to China","120055808","2013-12-31","30518.1"
"Bahrain","Exports to China","120055808","2014-12-31","18396.4392"
"Bahrain","Exports to China","120055808","2015-12-31","11154.3"
"Bahrain","Exports to China","120055808","2016-12-31","6372.3"
"Bahrain","Exports to China","120055808","2017-12-31","12394.6"
"Bahrain","Exports to China","120055808","2018-12-31","15012.5"
"Bahrain","Exports to China","120055808","2019-12-31","19533.0151"
"Bahrain","Exports to China","120055808","2020-12-31","14630.902"
"Bahrain","Exports to China","120055808","2021-12-31","39969"
"Bahrain","Exports to China","120055808","2022-12-31","25125"
"Bahrain","Exports to China","120055808","2023-12-31","19147.4512"
"East Timor","Exports to China","120176373","2005-12-31","0"
"East Timor","Exports to China","120176373","2006-12-31","1096.4132"
"East Timor","Exports to China","120176373","2007-12-31","4.948"
"East Timor","Exports to China","120176373","2008-12-31","10.6162"
"East Timor","Exports to China","120176373","2009-12-31","2.2765"
"East Timor","Exports to China","120176373","2010-12-31","25"
"East Timor","Exports to China","120176373","2011-12-31","174.2791"
"East Timor","Exports to China","120176373","2012-12-31","68.8"
"East Timor","Exports to China","120176373","2013-12-31","39.7"
"East Timor","Exports to China","120176373","2014-12-31","9.985"
"East Timor","Exports to China","120176373","2015-12-31","72.5"
"East Timor","Exports to China","120176373","2016-12-31","29.2"
"East Timor","Exports to China","120176373","2017-12-31","157.3"
"East Timor","Exports to China","120176373","2018-12-31","301.4"
"East Timor","Exports to China","120176373","2019-12-31","2456.4329"
"East Timor","Exports to China","120176373","2020-12-31","121.0615"
"East Timor","Exports to China","120176373","2021-12-31","11315"
"East Timor","Exports to China","120176373","2022-12-31","14536"
"East Timor","Exports to China","120176373","2023-12-31","7460.3408"
"the Philippines","Exports to China","120055781","2005-12-31","1286969"
"the Philippines","Exports to China","120055781","2006-12-31","1767456.1008"
"the Philippines","Exports to China","120055781","2007-12-31","2311783.9305"
"the Philippines","Exports to China","120055781","2008-12-31","1950474.3994"
"the Philippines","Exports to China","120055781","2009-12-31","1194840.9884"
"the Philippines","Exports to China","120055781","2010-12-31","1622197"
"the Philippines","Exports to China","120055781","2011-12-31","1799165.5358"
"the Philippines","Exports to China","120055781","2012-12-31","1964413.1"
"the Philippines","Exports to China","120055781","2013-12-31","1818181"
"the Philippines","Exports to China","120055781","2014-12-31","2098413.2158"
"the Philippines","Exports to China","120055781","2015-12-31","1896565.4"
"the Philippines","Exports to China","120055781","2016-12-31","1739589.1"
"the Philippines","Exports to China","120055781","2017-12-31","1923917.7"
"the Philippines","Exports to China","120055781","2018-12-31","2061160"
"the Philippines","Exports to China","120055781","2019-12-31","2019939.3176"
"the Philippines","Exports to China","120055781","2020-12-31","1933547.0519"
"the Philippines","Exports to China","120055781","2021-12-31","2476131"
"the Philippines","Exports to China","120055781","2022-12-31","2301822"
"the Philippines","Exports to China","120055781","2023-12-31","1949623.0219"
"georgia","Exports to China","120055689","2005-12-31","266"
"georgia","Exports to China","120055689","2006-12-31","695.1207"
"georgia","Exports to China","120055689","2007-12-31","1558.6433"
"georgia","Exports to China","120055689","2008-12-31","352.6532"
"georgia","Exports to China","120055689","2009-12-31","1787.068"
"georgia","Exports to China","120055689","2010-12-31","4525.1"
"georgia","Exports to China","120055689","2011-12-31","3810.5242"
"georgia","Exports to China","120055689","2012-12-31","3358.2"
"georgia","Exports to China","120055689","2013-12-31","5445.6"
"georgia","Exports to China","120055689","2014-12-31","5311.0774"
"georgia","Exports to China","120055689","2015-12-31","4378.5"
"georgia","Exports to China","120055689","2016-12-31","5356.4"
"georgia","Exports to China","120055689","2017-12-31","6759.1"
"georgia","Exports to China","120055689","2018-12-31","5388.7"
"georgia","Exports to China","120055689","2019-12-31","8104.5263"
"georgia","Exports to China","120055689","2020-12-31","10086.5861"
"georgia","Exports to China","120055689","2021-12-31","17977"
"georgia","Exports to China","120055689","2022-12-31","14890"
"georgia","Exports to China","120055689","2023-12-31","11504.631"
"Kazakhstan","Exports to China","120055768","2005-12-31","290936"
"Kazakhstan","Exports to China","120055768","2006-12-31","360727.2782"
"Kazakhstan","Exports to China","120055768","2007-12-31","643190.944"
"Kazakhstan","Exports to China","120055768","2008-12-31","772782.7943"
"Kazakhstan","Exports to China","120055768","2009-12-31","629568.4949"
"Kazakhstan","Exports to China","120055768","2010-12-31","1112844.8"
"Kazakhstan","Exports to China","120055768","2011-12-31","1539470.3569"
"Kazakhstan","Exports to China","120055768","2012-12-31","1468084.3"
"Kazakhstan","Exports to China","120055768","2013-12-31","1605083.8"
"Kazakhstan","Exports to China","120055768","2014-12-31","974182.244"
"Kazakhstan","Exports to China","120055768","2015-12-31","584894.7"
"Kazakhstan","Exports to China","120055768","2016-12-31","480507.9"
"Kazakhstan","Exports to China","120055768","2017-12-31","637869.1"
"Kazakhstan","Exports to China","120055768","2018-12-31","852660.9"
"Kazakhstan","Exports to China","120055768","2019-12-31","927366.9859"
"Kazakhstan","Exports to China","120055768","2020-12-31","980510.065"
"Kazakhstan","Exports to China","120055768","2021-12-31","1129056"
"Kazakhstan","Exports to China","120055768","2022-12-31","1484088"
"Kazakhstan","Exports to China","120055768","2023-12-31","1632376.8834"
"South Korea","Exports to China","120055777","2005-12-31","7682040"
"South Korea","Exports to China","120055777","2006-12-31","8972414.2142"
"South Korea","Exports to China","120055777","2007-12-31","10375195.4068"
"South Korea","Exports to China","120055777","2008-12-31","11213792.1096"
"South Korea","Exports to China","120055777","2009-12-31","10254507.2344"
"South Korea","Exports to China","120055777","2010-12-31","13834885.2"
"South Korea","Exports to China","120055777","2011-12-31","16270628.9525"
"South Korea","Exports to China","120055777","2012-12-31","16873761.5"
"South Korea","Exports to China","120055777","2013-12-31","18307275.7"
"South Korea","Exports to China","120055777","2014-12-31","19010877.3465"
"South Korea","Exports to China","120055777","2015-12-31","17450608.3"
"South Korea","Exports to China","120055777","2016-12-31","15897453.1"
"South Korea","Exports to China","120055777","2017-12-31","17755315.4"
"South Korea","Exports to China","120055777","2018-12-31","20464340.1"
"South Korea","Exports to China","120055777","2019-12-31","17355902.5773"
"South Korea","Exports to China","120055777","2020-12-31","17310391.1776"
"South Korea","Exports to China","120055777","2021-12-31","21344326"
"South Korea","Exports to China","120055777","2022-12-31","19901610"
"South Korea","Exports to China","120055777","2023-12-31","16175022.6614"
"Kyrgyzstan","Exports to China","120055767","2005-12-31","10505"
"Kyrgyzstan","Exports to China","120055767","2006-12-31","11291.5589"
"Kyrgyzstan","Exports to China","120055767","2007-12-31","11369.2682"
"Kyrgyzstan","Exports to China","120055767","2008-12-31","12132.7867"
"Kyrgyzstan","Exports to China","120055767","2009-12-31","4920.8607"
"Kyrgyzstan","Exports to China","120055767","2010-12-31","7212.2"
"Kyrgyzstan","Exports to China","120055767","2011-12-31","9816.3343"
"Kyrgyzstan","Exports to China","120055767","2012-12-31","8894.9"
"Kyrgyzstan","Exports to China","120055767","2013-12-31","6235"
"Kyrgyzstan","Exports to China","120055767","2014-12-31","5542.4061"
"Kyrgyzstan","Exports to China","120055767","2015-12-31","5857.1"
"Kyrgyzstan","Exports to China","120055767","2016-12-31","7123.5"
"Kyrgyzstan","Exports to China","120055767","2017-12-31","8705.5"
"Kyrgyzstan","Exports to China","120055767","2018-12-31","5432.7"
"Kyrgyzstan","Exports to China","120055767","2019-12-31","6604.1403"
"Kyrgyzstan","Exports to China","120055767","2020-12-31","3480.1089"
"Kyrgyzstan","Exports to China","120055767","2021-12-31","7974"
"Kyrgyzstan","Exports to China","120055767","2022-12-31","8166"
"Kyrgyzstan","Exports to China","120055767","2023-12-31","8318.2199"
"Cambodia","Exports to China","120055803","2005-12-31","2731"
"Cambodia","Exports to China","120055803","2006-12-31","3509.1355"
"Cambodia","Exports to China","120055803","2007-12-31","5106.5879"
"Cambodia","Exports to China","120055803","2008-12-31","3882.8183"
"Cambodia","Exports to China","120055803","2009-12-31","3689.1518"
"Cambodia","Exports to China","120055803","2010-12-31","9362.7"
"Cambodia","Exports to China","120055803","2011-12-31","18429.7983"
"Cambodia","Exports to China","120055803","2012-12-31","21532.3"
"Cambodia","Exports to China","120055803","2013-12-31","36363.5"
"Cambodia","Exports to China","120055803","2014-12-31","48291.4653"
"Cambodia","Exports to China","120055803","2015-12-31","66659.5"
"Cambodia","Exports to China","120055803","2016-12-31","83051.3"
"Cambodia","Exports to China","120055803","2017-12-31","100758.2"
"Cambodia","Exports to China","120055803","2018-12-31","137665.5"
"Cambodia","Exports to China","120055803","2019-12-31","144432.3229"
"Cambodia","Exports to China","120055803","2020-12-31","149748.6585"
"Cambodia","Exports to China","120055803","2021-12-31","210043"
"Cambodia","Exports to China","120055803","2022-12-31","183820"
"Cambodia","Exports to China","120055803","2023-12-31","207056.2951"
"Qatar","Exports to China","120055780","2005-12-31","47272"
"Qatar","Exports to China","120055780","2006-12-31","56198.0688"
"Qatar","Exports to China","120055780","2007-12-31","58800.2503"
"Qatar","Exports to China","120055780","2008-12-31","131162.6096"
"Qatar","Exports to China","120055780","2009-12-31","138176.371"
"Qatar","Exports to China","120055780","2010-12-31","245583.5"
"Qatar","Exports to China","120055780","2011-12-31","469430.8733"
"Qatar","Exports to China","120055780","2012-12-31","727810.3"
"Qatar","Exports to China","120055780","2013-12-31","846335.3"
"Qatar","Exports to China","120055780","2014-12-31","833672.7789"
"Qatar","Exports to China","120055780","2015-12-31","461436.6"
"Qatar","Exports to China","120055780","2016-12-31","401237.4"
"Qatar","Exports to China","120055780","2017-12-31","640027.4"
"Qatar","Exports to China","120055780","2018-12-31","914639"
"Qatar","Exports to China","120055780","2019-12-31","871310.7686"
"Qatar","Exports to China","120055780","2020-12-31","830509.6427"
"Qatar","Exports to China","120055780","2021-12-31","1321100"
"Qatar","Exports to China","120055780","2022-12-31","2258574"
"Qatar","Exports to China","120055780","2023-12-31","2089691.1716"
"Kuwait","Exports to China","120055792","2005-12-31","102050"
"Kuwait","Exports to China","120055792","2006-12-31","192399.9896"
"Kuwait","Exports to China","120055792","2007-12-31","229062.2896"
"Kuwait","Exports to China","120055792","2008-12-31","503881.4695"
"Kuwait","Exports to China","120055792","2009-12-31","350069.2229"
"Kuwait","Exports to China","120055792","2010-12-31","670835.7"
"Kuwait","Exports to China","120055792","2011-12-31","917520.4536"
"Kuwait","Exports to China","120055792","2012-12-31","1046780.9"
"Kuwait","Exports to China","120055792","2013-12-31","958663.8"
"Kuwait","Exports to China","120055792","2014-12-31","1000496.4203"
"Kuwait","Exports to China","120055792","2015-12-31","749706.5"
"Kuwait","Exports to China","120055792","2016-12-31","637028.4"
"Kuwait","Exports to China","120055792","2017-12-31","893495"
"Kuwait","Exports to China","120055792","2018-12-31","1534386.6"
"Kuwait","Exports to China","120055792","2019-12-31","1344747.4953"
"Kuwait","Exports to China","120055792","2020-12-31","1073510.1636"
"Kuwait","Exports to China","120055792","2021-12-31","1775554"
"Kuwait","Exports to China","120055792","2022-12-31","2649899"
"Kuwait","Exports to China","120055792","2023-12-31","1716549.6674"
"Laos","Exports to China","120055791","2005-12-31","2555"
"Laos","Exports to China","120055791","2006-12-31","4964.6755"
"Laos","Exports to China","120055791","2007-12-31","8591.8978"
"Laos","Exports to China","120055791","2008-12-31","13425.8761"
"Laos","Exports to China","120055791","2009-12-31","37463.2728"
"Laos","Exports to China","120055791","2010-12-31","60149.4"
"Laos","Exports to China","120055791","2011-12-31","82460.8354"
"Laos","Exports to China","120055791","2012-12-31","78663.4"
"Laos","Exports to China","120055791","2013-12-31","101007.9"
"Laos","Exports to China","120055791","2014-12-31","177788.3187"
"Laos","Exports to China","120055791","2015-12-31","154734.1"
"Laos","Exports to China","120055791","2016-12-31","135960.8"
"Laos","Exports to China","120055791","2017-12-31","160499.7"
"Laos","Exports to China","120055791","2018-12-31","201815.3"
"Laos","Exports to China","120055791","2019-12-31","215700.039"
"Laos","Exports to China","120055791","2020-12-31","208828.934"
"Laos","Exports to China","120055791","2021-12-31","267570"
"Laos","Exports to China","120055791","2022-12-31","335127"
"Laos","Exports to China","120055791","2023-12-31","374891.9139"
"lebanon","Exports to China","120055790","2005-12-31","419"
"lebanon","Exports to China","120055790","2006-12-31","860.0471"
"lebanon","Exports to China","120055790","2007-12-31","1862.1347"
"lebanon","Exports to China","120055790","2008-12-31","1327.3975"
"lebanon","Exports to China","120055790","2009-12-31","897.6689"
"lebanon","Exports to China","120055790","2010-12-31","2727.5"
"lebanon","Exports to China","120055790","2011-12-31","2591.5697"
"lebanon","Exports to China","120055790","2012-12-31","2032.7"
"lebanon","Exports to China","120055790","2013-12-31","4557.9"
"lebanon","Exports to China","120055790","2014-12-31","2538.7258"
"lebanon","Exports to China","120055790","2015-12-31","1732.3"
"lebanon","Exports to China","120055790","2016-12-31","1767.3"
"lebanon","Exports to China","120055790","2017-12-31","2304"
"lebanon","Exports to China","120055790","2018-12-31","4898.4"
"lebanon","Exports to China","120055790","2019-12-31","2600.7161"
"lebanon","Exports to China","120055790","2020-12-31","3179.8465"
"lebanon","Exports to China","120055790","2021-12-31","4793"
"lebanon","Exports to China","120055790","2022-12-31","6404"
"lebanon","Exports to China","120055790","2023-12-31","6415.5415"
"Maldives","Exports to China","120055787","2005-12-31","3"
"Maldives","Exports to China","120055787","2006-12-31","59.8276"
"Maldives","Exports to China","120055787","2007-12-31","28.3766"
"Maldives","Exports to China","120055787","2008-12-31","141.7012"
"Maldives","Exports to China","120055787","2009-12-31","12.7654"
"Maldives","Exports to China","120055787","2010-12-31","4.8"
"Maldives","Exports to China","120055787","2011-12-31","13.5718"
"Maldives","Exports to China","120055787","2012-12-31","18.5"
"Maldives","Exports to China","120055787","2013-12-31","41.8"
"Maldives","Exports to China","120055787","2014-12-31","38.043"
"Maldives","Exports to China","120055787","2015-12-31","17.7"
"Maldives","Exports to China","120055787","2016-12-31","23.8"
"Maldives","Exports to China","120055787","2017-12-31","62.1"
"Maldives","Exports to China","120055787","2018-12-31","103.3"
"Maldives","Exports to China","120055787","2019-12-31","3371.8734"
"Maldives","Exports to China","120055787","2020-12-31","577.109"
"Maldives","Exports to China","120055787","2021-12-31","436"
"Maldives","Exports to China","120055787","2022-12-31","6"
"Maldives","Exports to China","120055787","2023-12-31","3.4543"
"Malaysia","Exports to China","120055788","2005-12-31","2009321"
"Malaysia","Exports to China","120055788","2006-12-31","2357243.434"
"Malaysia","Exports to China","120055788","2007-12-31","2869705.0876"
"Malaysia","Exports to China","120055788","2008-12-31","3210139.6273"
"Malaysia","Exports to China","120055788","2009-12-31","3233591.5167"
"Malaysia","Exports to China","120055788","2010-12-31","5044680.2"
"Malaysia","Exports to China","120055788","2011-12-31","6213671.1857"
"Malaysia","Exports to China","120055788","2012-12-31","5830676.5"
"Malaysia","Exports to China","120055788","2013-12-31","6015278.6"
"Malaysia","Exports to China","120055788","2014-12-31","5565224.2622"
"Malaysia","Exports to China","120055788","2015-12-31","5327733.1"
"Malaysia","Exports to China","120055788","2016-12-31","4926963.7"
"Malaysia","Exports to China","120055788","2017-12-31","5442613.9"
"Malaysia","Exports to China","120055788","2018-12-31","6320504.6"
"Malaysia","Exports to China","120055788","2019-12-31","7190997.5137"
"Malaysia","Exports to China","120055788","2020-12-31","7517442.1604"
"Malaysia","Exports to China","120055788","2021-12-31","9830508"
"Malaysia","Exports to China","120055788","2022-12-31","10983860"
"Malaysia","Exports to China","120055788","2023-12-31","10286069.5682"
"Mongolia","Exports to China","120055786","2005-12-31","54103"
"Mongolia","Exports to China","120055786","2006-12-31","114748.2669"
"Mongolia","Exports to China","120055786","2007-12-31","135164.9373"
"Mongolia","Exports to China","120055786","2008-12-31","152560.7206"
"Mongolia","Exports to China","120055786","2009-12-31","136111.8532"
"Mongolia","Exports to China","120055786","2010-12-31","255206.3"
"Mongolia","Exports to China","120055786","2011-12-31","370107.0929"
"Mongolia","Exports to China","120055786","2012-12-31","394770.3"
"Mongolia","Exports to China","120055786","2013-12-31","350954.7"
"Mongolia","Exports to China","120055786","2014-12-31","510208.7078"
"Mongolia","Exports to China","120055786","2015-12-31","379537.7"
"Mongolia","Exports to China","120055786","2016-12-31","362260.1"
"Mongolia","Exports to China","120055786","2017-12-31","516731.3"
"Mongolia","Exports to China","120055786","2018-12-31","634411.2"
"Mongolia","Exports to China","120055786","2019-12-31","633435.7304"
"Mongolia","Exports to China","120055786","2020-12-31","512456.2278"
"Mongolia","Exports to China","120055786","2021-12-31","689896"
"Mongolia","Exports to China","120055786","2022-12-31","933218"
"Mongolia","Exports to China","120055786","2023-12-31","1311720.9583"
"Bangladesh","Exports to China","120055807","2005-12-31","7860"
"Bangladesh","Exports to China","120055807","2006-12-31","9883.5268"
"Bangladesh","Exports to China","120055807","2007-12-31","11417.1063"
"Bangladesh","Exports to China","120055807","2008-12-31","13190.9511"
"Bangladesh","Exports to China","120055807","2009-12-31","14034.2809"
"Bangladesh","Exports to China","120055807","2010-12-31","26887.6"
"Bangladesh","Exports to China","120055807","2011-12-31","44864.2584"
"Bangladesh","Exports to China","120055807","2012-12-31","47992.2"
"Bangladesh","Exports to China","120055807","2013-12-31","60236.6"
"Bangladesh","Exports to China","120055807","2014-12-31","76110.7883"
"Bangladesh","Exports to China","120055807","2015-12-31","81684.5"
"Bangladesh","Exports to China","120055807","2016-12-31","86939.8"
"Bangladesh","Exports to China","120055807","2017-12-31","87514.5"
"Bangladesh","Exports to China","120055807","2018-12-31","98442.3"
"Bangladesh","Exports to China","120055807","2019-12-31","103653.3766"
"Bangladesh","Exports to China","120055807","2020-12-31","79975.463"
"Bangladesh","Exports to China","120055807","2021-12-31","104693"
"Bangladesh","Exports to China","120055807","2022-12-31","98173"
"Bangladesh","Exports to China","120055807","2023-12-31","102597.7332"
"Myanmar","Exports to China","120055804","2005-12-31","27440"
"Myanmar","Exports to China","120055804","2006-12-31","25264.9704"
"Myanmar","Exports to China","120055804","2007-12-31","37814.0015"
"Myanmar","Exports to China","120055804","2008-12-31","64754.8911"
"Myanmar","Exports to China","120055804","2009-12-31","64612.6728"
"Myanmar","Exports to China","120055804","2010-12-31","96654.6"
"Myanmar","Exports to China","120055804","2011-12-31","167990.0256"
"Myanmar","Exports to China","120055804","2012-12-31","129822.6"
"Myanmar","Exports to China","120055804","2013-12-31","285686.7"
"Myanmar","Exports to China","120055804","2014-12-31","1560127.9451"
"Myanmar","Exports to China","120055804","2015-12-31","544929.5"
"Myanmar","Exports to China","120055804","2016-12-31","409770.9"
"Myanmar","Exports to China","120055804","2017-12-31","452634.8"
"Myanmar","Exports to China","120055804","2018-12-31","468433.8"
"Myanmar","Exports to China","120055804","2019-12-31","638805.9154"
"Myanmar","Exports to China","120055804","2020-12-31","634679.808"
"Myanmar","Exports to China","120055804","2021-12-31","812208"
"Myanmar","Exports to China","120055804","2022-12-31","1149475"
"Myanmar","Exports to China","120055804","2023-12-31","954773.0928"
"Nepal","Exports to China","120055785","2005-12-31","850"
"Nepal","Exports to China","120055785","2006-12-31","828.4668"
"Nepal","Exports to China","120055785","2007-12-31","1479.0179"
"Nepal","Exports to China","120055785","2008-12-31","597.5687"
"Nepal","Exports to China","120055785","2009-12-31","529.0031"
"Nepal","Exports to China","120055785","2010-12-31","1141.6"
"Nepal","Exports to China","120055785","2011-12-31","1386.4962"
"Nepal","Exports to China","120055785","2012-12-31","2952"
"Nepal","Exports to China","120055785","2013-12-31","4325"
"Nepal","Exports to China","120055785","2014-12-31","4706.74"
"Nepal","Exports to China","120055785","2015-12-31","3200.2"
"Nepal","Exports to China","120055785","2016-12-31","2240.6"
"Nepal","Exports to China","120055785","2017-12-31","1785.4"
"Nepal","Exports to China","120055785","2018-12-31","2200"
"Nepal","Exports to China","120055785","2019-12-31","3353.8072"
"Nepal","Exports to China","120055785","2020-12-31","1626.1278"
"Nepal","Exports to China","120055785","2021-12-31","2651"
"Nepal","Exports to China","120055785","2022-12-31","2181"
"Nepal","Exports to China","120055785","2023-12-31","3480.0372"
"Saudi Arabia","Exports to China","120055779","2005-12-31","1224572"
"Saudi Arabia","Exports to China","120055779","2006-12-31","1508453.2094"
"Saudi Arabia","Exports to China","120055779","2007-12-31","1755968.3144"
"Saudi Arabia","Exports to China","120055779","2008-12-31","3102269.7923"
"Saudi Arabia","Exports to China","120055779","2009-12-31","2357093.7834"
"Saudi Arabia","Exports to China","120055779","2010-12-31","3282904.8"
"Saudi Arabia","Exports to China","120055779","2011-12-31","4946753.5399"
"Saudi Arabia","Exports to China","120055779","2012-12-31","5486187.1"
"Saudi Arabia","Exports to China","120055779","2013-12-31","5345071.1"
"Saudi Arabia","Exports to China","120055779","2014-12-31","4850802.598"
"Saudi Arabia","Exports to China","120055779","2015-12-31","3002105.1"
"Saudi Arabia","Exports to China","120055779","2016-12-31","2362601.9"
"Saudi Arabia","Exports to China","120055779","2017-12-31","3176187.3"
"Saudi Arabia","Exports to China","120055779","2018-12-31","4585438"
"Saudi Arabia","Exports to China","120055779","2019-12-31","5419593.6612"
"Saudi Arabia","Exports to China","120055779","2020-12-31","3906985.7145"
"Saudi Arabia","Exports to China","120055779","2021-12-31","5696861"
"Saudi Arabia","Exports to China","120055779","2022-12-31","7805625"
"Saudi Arabia","Exports to China","120055779","2023-12-31","6436998.4391"
"Sri Lanka","Exports to China","120055776","2005-12-31","3660"
"Sri Lanka","Exports to China","120055776","2006-12-31","3483.4203"
"Sri Lanka","Exports to China","120055776","2007-12-31","4803.2084"
"Sri Lanka","Exports to China","120055776","2008-12-31","6054.067"
"Sri Lanka","Exports to China","120055776","2009-12-31","7038.3195"
"Sri Lanka","Exports to China","120055776","2010-12-31","10227.5"
"Sri Lanka","Exports to China","120055776","2011-12-31","15288.7599"
"Sri Lanka","Exports to China","120055776","2012-12-31","16195.5"
"Sri Lanka","Exports to China","120055776","2013-12-31","18256.4"
"Sri Lanka","Exports to China","120055776","2014-12-31","24827.2984"
"Sri Lanka","Exports to China","120055776","2015-12-31","25851.6"
"Sri Lanka","Exports to China","120055776","2016-12-31","27344.4"
"Sri Lanka","Exports to China","120055776","2017-12-31","31003"
"Sri Lanka","Exports to China","120055776","2018-12-31","32174.5"
"Sri Lanka","Exports to China","120055776","2019-12-31","39700.8323"
"Sri Lanka","Exports to China","120055776","2020-12-31","31776.3285"
"Sri Lanka","Exports to China","120055776","2021-12-31","65045"
"Sri Lanka","Exports to China","120055776","2022-12-31","49493"
"Sri Lanka","Exports to China","120055776","2023-12-31","35608.6963"
"Tajikistan","Exports to China","120055766","2005-12-31","1420"
"Tajikistan","Exports to China","120055766","2006-12-31","1800.2123"
"Tajikistan","Exports to China","120055766","2007-12-31","1028.4973"
"Tajikistan","Exports to China","120055766","2008-12-31","2024.353"
"Tajikistan","Exports to China","120055766","2009-12-31","18501.6693"
"Tajikistan","Exports to China","120055766","2010-12-31","5606.2"
"Tajikistan","Exports to China","120055766","2011-12-31","7222.7602"
"Tajikistan","Exports to China","120055766","2012-12-31","10882.9"
"Tajikistan","Exports to China","120055766","2013-12-31","8875.1"
"Tajikistan","Exports to China","120055766","2014-12-31","4769.8839"
"Tajikistan","Exports to China","120055766","2015-12-31","5203.5"
"Tajikistan","Exports to China","120055766","2016-12-31","3124.5"
"Tajikistan","Exports to China","120055766","2017-12-31","4673.7"
"Tajikistan","Exports to China","120055766","2018-12-31","7684.4"
"Tajikistan","Exports to China","120055766","2019-12-31","8461.9584"
"Tajikistan","Exports to China","120055766","2020-12-31","4529.3459"
"Tajikistan","Exports to China","120055766","2021-12-31","17547"
"Tajikistan","Exports to China","120055766","2022-12-31","37378"
"Tajikistan","Exports to China","120055766","2023-12-31","24927.9231"
"Thailand","Exports to China","120055774","2005-12-31","1399189"
"Thailand","Exports to China","120055774","2006-12-31","1796242.8351"
"Thailand","Exports to China","120055774","2007-12-31","2266469.0699"
"Thailand","Exports to China","120055774","2008-12-31","2565673.6974"
"Thailand","Exports to China","120055774","2009-12-31","2490530.7403"
"Thailand","Exports to China","120055774","2010-12-31","3319594.2"
"Thailand","Exports to China","120055774","2011-12-31","3903909.5408"
"Thailand","Exports to China","120055774","2012-12-31","3855465.6"
"Thailand","Exports to China","120055774","2013-12-31","3852264.6"
"Thailand","Exports to China","120055774","2014-12-31","3833192.8398"
"Thailand","Exports to China","120055774","2015-12-31","3716874.5"
"Thailand","Exports to China","120055774","2016-12-31","3853234.3"
"Thailand","Exports to China","120055774","2017-12-31","4159608.3"
"Thailand","Exports to China","120055774","2018-12-31","4462963.7"
"Thailand","Exports to China","120055774","2019-12-31","4616164.9902"
"Thailand","Exports to China","120055774","2020-12-31","4813973.7245"
"Thailand","Exports to China","120055774","2021-12-31","6183263"
"Thailand","Exports to China","120055774","2022-12-31","5655290"
"Thailand","Exports to China","120055774","2023-12-31","5054388.6572"
"Türkiye","Exports to China","120055773","2005-12-31","62174"
"Türkiye","Exports to China","120055773","2006-12-31","76595.1559"
"Türkiye","Exports to China","120055773","2007-12-31","129239.6675"
"Türkiye","Exports to China","120055773","2008-12-31","196293.3289"
"Türkiye","Exports to China","120055773","2009-12-31","176108.3455"
"Türkiye","Exports to China","120055773","2010-12-31","316854.3"
"Türkiye","Exports to China","120055773","2011-12-31","312375.6587"
"Türkiye","Exports to China","120055773","2012-12-31","351101.2"
"Türkiye","Exports to China","120055773","2013-12-31","448623.4"
"Türkiye","Exports to China","120055773","2014-12-31","370539.5699"
"Türkiye","Exports to China","120055773","2015-12-31","294363.8"
"Türkiye","Exports to China","120055773","2016-12-31","278541.5"
"Türkiye","Exports to China","120055773","2017-12-31","378343"
"Türkiye","Exports to China","120055773","2018-12-31","375686"
"Türkiye","Exports to China","120055773","2019-12-31","349681.9906"
"Türkiye","Exports to China","120055773","2020-12-31","373141.1072"
"Türkiye","Exports to China","120055773","2021-12-31","504897"
"Türkiye","Exports to China","120055773","2022-12-31","450431"
"Türkiye","Exports to China","120055773","2023-12-31","452447.1694"
"Turkmenistan","Exports to China","120055765","2005-12-31","1908"
"Turkmenistan","Exports to China","120055765","2006-12-31","1601.1532"
"Turkmenistan","Exports to China","120055765","2007-12-31","5014.082"
"Turkmenistan","Exports to China","120055765","2008-12-31","2844.0391"
"Turkmenistan","Exports to China","120055765","2009-12-31","3873.2297"
"Turkmenistan","Exports to China","120055765","2010-12-31","104451.9"
"Turkmenistan","Exports to China","120055765","2011-12-31","469317.3232"
"Turkmenistan","Exports to China","120055765","2012-12-31","867338.2"
"Turkmenistan","Exports to China","120055765","2013-12-31","889325.7"
"Turkmenistan","Exports to China","120055765","2014-12-31","951615.8297"
"Turkmenistan","Exports to China","120055765","2015-12-31","782766.1"
"Turkmenistan","Exports to China","120055765","2016-12-31","556329.5"
"Turkmenistan","Exports to China","120055765","2017-12-31","657512.6"
"Turkmenistan","Exports to China","120055765","2018-12-31","811937"
"Turkmenistan","Exports to China","120055765","2019-12-31","868602.2768"
"Turkmenistan","Exports to China","120055765","2020-12-31","607188.1112"
"Turkmenistan","Exports to China","120055765","2021-12-31","684446"
"Turkmenistan","Exports to China","120055765","2022-12-31","1031356"
"Turkmenistan","Exports to China","120055765","2023-12-31","963322.8488"
"Brunei","Exports to China","120055805","2005-12-31","20773"
"Brunei","Exports to China","120055805","2006-12-31","21531.2114"
"Brunei","Exports to China","120055805","2007-12-31","24607.7331"
"Brunei","Exports to China","120055805","2008-12-31","8888.4918"
"Brunei","Exports to China","120055805","2009-12-31","28199.3307"
"Brunei","Exports to China","120055805","2010-12-31","66433"
"Brunei","Exports to China","120055805","2011-12-31","56681.574"
"Brunei","Exports to China","120055805","2012-12-31","37309.9"
"Brunei","Exports to China","120055805","2013-12-31","8980.4"
"Brunei","Exports to China","120055805","2014-12-31","18971.7197"
"Brunei","Exports to China","120055805","2015-12-31","10115.6"
"Brunei","Exports to China","120055805","2016-12-31","22154.6"
"Brunei","Exports to China","120055805","2017-12-31","35181"
"Brunei","Exports to China","120055805","2018-12-31","24751"
"Brunei","Exports to China","120055805","2019-12-31","45287.7043"
"Brunei","Exports to China","120055805","2020-12-31","147599.395"
"Brunei","Exports to China","120055805","2021-12-31","222548"
"Brunei","Exports to China","120055805","2022-12-31","224862"
"Brunei","Exports to China","120055805","2023-12-31","194882.0614"
"Uzbekistan","Exports to China","120055764","2005-12-31","45050"
"Uzbekistan","Exports to China","120055764","2006-12-31","56593.6536"
"Uzbekistan","Exports to China","120055764","2007-12-31","36344.9961"
"Uzbekistan","Exports to China","120055764","2008-12-31","32888.1786"
"Uzbekistan","Exports to China","120055764","2009-12-31","35089.2072"
"Uzbekistan","Exports to China","120055764","2010-12-31","130224.4"
"Uzbekistan","Exports to China","120055764","2011-12-31","80737.1215"
"Uzbekistan","Exports to China","120055764","2012-12-31","109184.9"
"Uzbekistan","Exports to China","120055764","2013-12-31","193809.3"
"Uzbekistan","Exports to China","120055764","2014-12-31","159791.0202"
"Uzbekistan","Exports to China","120055764","2015-12-31","126706.4"
"Uzbekistan","Exports to China","120055764","2016-12-31","160705.8"
"Uzbekistan","Exports to China","120055764","2017-12-31","147144.9"
"Uzbekistan","Exports to China","120055764","2018-12-31","232446"
"Uzbekistan","Exports to China","120055764","2019-12-31","218078.1409"
"Uzbekistan","Exports to China","120055764","2020-12-31","148330.8489"
"Uzbekistan","Exports to China","120055764","2021-12-31","215541"
"Uzbekistan","Exports to China","120055764","2022-12-31","227641"
"Uzbekistan","Exports to China","120055764","2023-12-31","164378.0718"
"Singapore","Exports to China","120055778","2005-12-31","1651460"
"Singapore","Exports to China","120055778","2006-12-31","1767261.5941"
"Singapore","Exports to China","120055778","2007-12-31","1752368.4113"
"Singapore","Exports to China","120055778","2008-12-31","2017126.455"
"Singapore","Exports to China","120055778","2009-12-31","1780393.3383"
"Singapore","Exports to China","120055778","2010-12-31","2472875.1"
"Singapore","Exports to China","120055778","2011-12-31","2813992.0833"
"Singapore","Exports to China","120055778","2012-12-31","2853077.8"
"Singapore","Exports to China","120055778","2013-12-31","3006451.5"
"Singapore","Exports to China","120055778","2014-12-31","3082873.3314"
"Singapore","Exports to China","120055778","2015-12-31","2758076.3"
"Singapore","Exports to China","120055778","2016-12-31","2601424.9"
"Singapore","Exports to China","120055778","2017-12-31","3424962.4"
"Singapore","Exports to China","120055778","2018-12-31","3372777.2"
"Singapore","Exports to China","120055778","2019-12-31","3523781.8236"
"Singapore","Exports to China","120055778","2020-12-31","3161807.126"
"Singapore","Exports to China","120055778","2021-12-31","3881973"
"Singapore","Exports to China","120055778","2022-12-31","3364172"
"Singapore","Exports to China","120055778","2023-12-31","3142978.9681"
"Syria","Exports to China","120055775","2005-12-31","1774"
"Syria","Exports to China","120055775","2006-12-31","5066.3716"
"Syria","Exports to China","120055775","2007-12-31","827.1701"
"Syria","Exports to China","120055775","2008-12-31","986.4841"
"Syria","Exports to China","120055775","2009-12-31","1001.6691"
"Syria","Exports to China","120055775","2010-12-31","4028.8"
"Syria","Exports to China","120055775","2011-12-31","2615.5456"
"Syria","Exports to China","120055775","2012-12-31","1091.5"
"Syria","Exports to China","120055775","2013-12-31","470.5"
"Syria","Exports to China","120055775","2014-12-31","212.8134"
"Syria","Exports to China","120055775","2015-12-31","358.8"
"Syria","Exports to China","120055775","2016-12-31","326.4"
"Syria","Exports to China","120055775","2017-12-31","133.4"
"Syria","Exports to China","120055775","2018-12-31","86.9"
"Syria","Exports to China","120055775","2019-12-31","140.9486"
"Syria","Exports to China","120055775","2020-12-31","133.1472"
"Syria","Exports to China","120055775","2021-12-31","128"
"Syria","Exports to China","120055775","2022-12-31","224"
"Syria","Exports to China","120055775","2023-12-31","155.3166"
"Armenia","Exports to China","120055688","2005-12-31","35"
"Armenia","Exports to China","120055688","2006-12-31","841.252"
"Armenia","Exports to China","120055688","2007-12-31","3777.405"
"Armenia","Exports to China","120055688","2008-12-31","1150.6191"
"Armenia","Exports to China","120055688","2009-12-31","2393.8617"
"Armenia","Exports to China","120055688","2010-12-31","4676.4"
"Armenia","Exports to China","120055688","2011-12-31","3463.1988"
"Armenia","Exports to China","120055688","2012-12-31","3406.3"
"Armenia","Exports to China","120055688","2013-12-31","7313.9"
"Armenia","Exports to China","120055688","2014-12-31","16717.2701"
"Armenia","Exports to China","120055688","2015-12-31","20897.2"
"Armenia","Exports to China","120055688","2016-12-31","28061.8"
"Armenia","Exports to China","120055688","2017-12-31","30267.7"
"Armenia","Exports to China","120055688","2018-12-31","30214.3"
"Armenia","Exports to China","120055688","2019-12-31","53130.4034"
"Armenia","Exports to China","120055688","2020-12-31","79448.688"
"Armenia","Exports to China","120055688","2021-12-31","108762"
"Armenia","Exports to China","120055688","2022-12-31","90747"
"Armenia","Exports to China","120055688","2023-12-31","98712.7422"
"Yemen","Exports to China","120055771","2005-12-31","266769"
"Yemen","Exports to China","120055771","2006-12-31","223255.2307"
"Yemen","Exports to China","120055771","2007-12-31","174529.0218"
"Yemen","Exports to China","120055771","2008-12-31","320987.2995"
"Yemen","Exports to China","120055771","2009-12-31","123751.1097"
"Yemen","Exports to China","120055771","2010-12-31","277908.1"
"Yemen","Exports to China","120055771","2011-12-31","313570.2068"
"Yemen","Exports to China","120055771","2012-12-31","360405.5"
"Yemen","Exports to China","120055771","2013-12-31","306130.1"
"Yemen","Exports to China","120055771","2014-12-31","293285.3594"
"Yemen","Exports to China","120055771","2015-12-31","89813.8"
"Yemen","Exports to China","120055771","2016-12-31","16602.8"
"Yemen","Exports to China","120055771","2017-12-31","65996.2"
"Yemen","Exports to China","120055771","2018-12-31","71993.3"
"Yemen","Exports to China","120055771","2019-12-31","86662.5199"
"Yemen","Exports to China","120055771","2020-12-31","67401.9114"
"Yemen","Exports to China","120055771","2021-12-31","48617"
"Yemen","Exports to China","120055771","2022-12-31","63327"
"Yemen","Exports to China","120055771","2023-12-31","1692.882"
"Iraq","Exports to China","120055796","2005-12-31","41568"
"Iraq","Exports to China","120055796","2006-12-31","65327.2934"
"Iraq","Exports to China","120055796","2007-12-31","76579.6913"
"Iraq","Exports to China","120055796","2008-12-31","138166.4347"
"Iraq","Exports to China","120055796","2009-12-31","330960.1625"
"Iraq","Exports to China","120055796","2010-12-31","627519.1"
"Iraq","Exports to China","120055796","2011-12-31","1044363.3871"
"Iraq","Exports to China","120055796","2012-12-31","1265577.3"
"Iraq","Exports to China","120055796","2013-12-31","1798476.4"
"Iraq","Exports to China","120055796","2014-12-31","2076123.9088"
"Iraq","Exports to China","120055796","2015-12-31","1267463"
"Iraq","Exports to China","120055796","2016-12-31","1066327.1"
"Iraq","Exports to China","120055796","2017-12-31","1381411.2"
"Iraq","Exports to China","120055796","2018-12-31","2249527.4"
"Iraq","Exports to China","120055796","2019-12-31","2392733.6322"
"Iraq","Exports to China","120055796","2020-12-31","1930376.4652"
"Iraq","Exports to China","120055796","2021-12-31","2665311"
"Iraq","Exports to China","120055796","2022-12-31","3939520"
"Iraq","Exports to China","120055796","2023-12-31","3545447.4772"
"Iran","Exports to China","120055797","2005-12-31","678668"
"Iran","Exports to China","120055797","2006-12-31","995845.6154"
"Iran","Exports to China","120055797","2007-12-31","1330559.7175"
"Iran","Exports to China","120055797","2008-12-31","1959419.5353"
"Iran","Exports to China","120055797","2009-12-31","1329997.4778"
"Iran","Exports to China","120055797","2010-12-31","1829908.3"
"Iran","Exports to China","120055797","2011-12-31","3034131.3753"
"Iran","Exports to China","120055797","2012-12-31","2486839.2"
"Iran","Exports to China","120055797","2013-12-31","2538986.4"
"Iran","Exports to China","120055797","2014-12-31","2750384.9631"
"Iran","Exports to China","120055797","2015-12-31","1605744.7"
"Iran","Exports to China","120055797","2016-12-31","1482719.2"
"Iran","Exports to China","120055797","2017-12-31","1855369.3"
"Iran","Exports to China","120055797","2018-12-31","2110228"
"Iran","Exports to China","120055797","2019-12-31","1344562.9531"
"Iran","Exports to China","120055797","2020-12-31","644155.6555"
"Iran","Exports to China","120055797","2021-12-31","650253"
"Iran","Exports to China","120055797","2022-12-31","635370"
"Iran","Exports to China","120055797","2023-12-31","458152.0146"
"Indonesia","Exports to China","120055798","2005-12-31","843696"
"Indonesia","Exports to China","120055798","2006-12-31","960574.3215"
"Indonesia","Exports to China","120055798","2007-12-31","1239507.7625"
"Indonesia","Exports to China","120055798","2008-12-31","1432293.4795"
"Indonesia","Exports to China","120055798","2009-12-31","1366822.9375"
"Indonesia","Exports to China","120055798","2010-12-31","2079671.9"
"Indonesia","Exports to China","120055798","2011-12-31","3133738.2984"
"Indonesia","Exports to China","120055798","2012-12-31","3195070.3"
"Indonesia","Exports to China","120055798","2013-12-31","3142426.2"
"Indonesia","Exports to China","120055798","2014-12-31","2448524.6982"
"Indonesia","Exports to China","120055798","2015-12-31","1988619.4"
"Indonesia","Exports to China","120055798","2016-12-31","2141403.6"
"Indonesia","Exports to China","120055798","2017-12-31","2857430.6"
"Indonesia","Exports to China","120055798","2018-12-31","3414977.6"
"Indonesia","Exports to China","120055798","2019-12-31","3411387.4419"
"Indonesia","Exports to China","120055798","2020-12-31","3748185.2148"
"Indonesia","Exports to China","120055798","2021-12-31","6392283"
"Indonesia","Exports to China","120055798","2022-12-31","7789081"
"Indonesia","Exports to China","120055798","2023-12-31","7421546.035"
"Jordan","Exports to China","120055793","2005-12-31","7887"
"Jordan","Exports to China","120055793","2006-12-31","5323.1886"
"Jordan","Exports to China","120055793","2007-12-31","8206.8909"
"Jordan","Exports to China","120055793","2008-12-31","12317.5273"
"Jordan","Exports to China","120055793","2009-12-31","11226.3782"
"Jordan","Exports to China","120055793","2010-12-31","16470.6"
"Jordan","Exports to China","120055793","2011-12-31","25672.183"
"Jordan","Exports to China","120055793","2012-12-31","29710.3"
"Jordan","Exports to China","120055793","2013-12-31","16987.5"
"Jordan","Exports to China","120055793","2014-12-31","26320.4026"
"Jordan","Exports to China","120055793","2015-12-31","28752.1"
"Jordan","Exports to China","120055793","2016-12-31","21116.1"
"Jordan","Exports to China","120055793","2017-12-31","27918.5"
"Jordan","Exports to China","120055793","2018-12-31","21418.2"
"Jordan","Exports to China","120055793","2019-12-31","43406.0039"
"Jordan","Exports to China","120055793","2020-12-31","42572.9742"
"Jordan","Exports to China","120055793","2021-12-31","42471"
"Jordan","Exports to China","120055793","2022-12-31","74587"
"Jordan","Exports to China","120055793","2023-12-31","70592.0459"
"Vietnam","Exports to China","120055770","2005-12-31","255284"
"Vietnam","Exports to China","120055770","2006-12-31","248607.63"
"Vietnam","Exports to China","120055770","2007-12-31","322628.0825"
"Vietnam","Exports to China","120055770","2008-12-31","433631.747"
"Vietnam","Exports to China","120055770","2009-12-31","474752.76"
"Vietnam","Exports to China","120055770","2010-12-31","698454.2"
"Vietnam","Exports to China","120055770","2011-12-31","1111770.0164"
"Vietnam","Exports to China","120055770","2012-12-31","1623129.4"
"Vietnam","Exports to China","120055770","2013-12-31","1689189.3"
"Vietnam","Exports to China","120055770","2014-12-31","1990639.7835"
"Vietnam","Exports to China","120055770","2015-12-31","2983174.5"
"Vietnam","Exports to China","120055770","2016-12-31","3717160.4"
"Vietnam","Exports to China","120055770","2017-12-31","5037461.7"
"Vietnam","Exports to China","120055770","2018-12-31","6395634.9"
"Vietnam","Exports to China","120055770","2019-12-31","6411667.4838"
"Vietnam","Exports to China","120055770","2020-12-31","7847442.5894"
"Vietnam","Exports to China","120055770","2021-12-31","9231942"
"Vietnam","Exports to China","120055770","2022-12-31","8794254"
"Vietnam","Exports to China","120055770","2023-12-31","9218183.7813"
